name, id, tag
happyfresh, 957304056, us
tinder, 547702041, us
timbuk2, 1261275020, us
tiktok, 835599320, us
the-pizza-company, 1033213872, us, the pizza company
grabajob, 1361121619, us
happyfresh, 957304056, us
hip-n-chic, 1021169493, us, hip n chic
HiQ, 1203573940, us
hopper, 904052407, us
hotel-quickly, 587697731, us, hotel quickly
ifttt, 660944635, us
imprint, 285375876, us
inoreader, 892355414, us
instapaper, 288545208, us
invision, 990700027, us
itruemart, 667855719, th
JOOX-Music, 914406371, joox
TapKTC, 723657868, ktc
korian-air, 369188136, us
lalamove, 735701965, us
lazada, 785385147, us
lyft, 529379082, us
macdonal, us, th
mea, 651825361, th
medium, 544007664, us
mindcraft, 1397262424, us
mumu, 443904275, th
pinterest, 429047995, us
ookbee, 439211918, us
ookbee-comic, 667829467, us, ookbee comic
ookbee-joy, 1250405456, us, ookbee joy
ookbee-tanyawan, us, th, ookbee tanyawan
organizze, 703177890, us
paktor, 654972611, us
pantip, 371321217, us
piggipo, 739358942, us
pillow, 410606661, us
pomelo, 839452750, us
priceza, 496863481, us
primetime, 1140549792, us
rabbit, 443904275, th
reddit, 1064216828, us
runkeeper, 1205237896, us
scb-up2me, 665157756, th, scb up2me
see-doctor-now, 1203220965, th, see doctor now
seekster, 1221851822, th
sf-showtime, 459993293, us, sf showtime
shopspot, 516201295, us
shopee, 959841443, us
singapore, 439873467, us
skitch, 490505997, us
skype, 304878510, us
slack, 618783545, us
space-station, 1077416560, us
spotify, 324684580, us
truemoney, 663885752, us
trueyou, 589399246, us
thai-smile, 970358445, us, thai smile
tops, 475976577, us
tiny-calendar, 514917848, us, tiny calendar
timehop, 569077959, us
swarm, 870161082, us
strava, 426826309, us
storylog, 932674646, us
spotify, 324684580, us
stripe, 844840340, us
triposo, 467053028, us
uchoose, 1136616669, us
usaya, 1173408461, us
udemy, 562413829, us
wakamon, 686364904, us
waze, 323229106, us
weloveshopping, 513207902, us
weibo, 527106466, us
yahoo-mail, 577586159, us, yahoo mail
youtube-gaming, 1009116743, us, youtube gaming
zalora, 624639017, us